,bt,trad
count,10.0,10.0
mean,78.75,73.0
std,9.223309842157773,11.105554165971787
min,62.5,50.0
25%,73.125,68.75
50%,77.5,72.5
75%,86.875,81.875
max,90.0,87.5
